createdAt,createdBy,modifiedAt,modifiedBy,GoalTemplateID,ClientID,GoalID,FieldID,FieldValue
2021-02-02 02:03:02,anonymous,2021-02-02 02:03:02,anonymous,GT0001,CL0001,1,1,Public
2021-02-02 02:03:02,anonymous,2021-02-02 02:03:02,anonymous,GT0001,CL0001,1,2,Economic
2021-02-02 02:03:02,anonymous,2021-02-02 02:03:02,anonymous,GT0001,CL0001,1,3,CO2 Emission
2021-02-02 02:03:02,anonymous,2021-02-02 02:03:02,anonymous,GT0001,CL0001,1,4,Client1 Emission
2021-02-02 02:03:02,anonymous,2021-02-02 02:03:02,anonymous,GT0001,CL0001,1,5,Total CO2 Emission in Metric tons
2021-02-02 02:03:02,anonymous,2021-02-02 02:03:02,anonymous,GT0001,CL0001,1,6,1/1/2022
2021-02-02 02:03:02,anonymous,2021-02-02 02:03:02,anonymous,GT0001,CL0001,1,7,1/1/2023
2021-02-02 02:03:02,anonymous,2021-02-02 02:03:02,anonymous,GT0001,CL0001,1,8,100 tons
2021-02-02 02:03:02,anonymous,2021-02-02 02:03:02,anonymous,GT0001,CL0001,1,9,10
2021-02-02 02:03:02,anonymous,2021-02-02 02:03:02,anonymous,GT0001,CL0001,1,10,milestone
2021-02-02 02:03:02,anonymous,2021-02-02 02:03:02,anonymous,GT0001,CL0001,1,11,Ongoing
2021-02-02 02:03:02,anonymous,2021-02-02 02:03:02,anonymous,GT0002,CL0002,1,1,Public
2021-02-02 02:03:02,anonymous,2021-02-02 02:03:02,anonymous,GT0002,CL0002,1,2,Economic
2021-02-02 02:03:02,anonymous,2021-02-02 02:03:02,anonymous,GT0002,CL0002,1,3,CO2 Emission
2021-02-02 02:03:02,anonymous,2021-02-02 02:03:02,anonymous,GT0002,CL0002,1,4,Client2 Emission
2021-02-02 02:03:02,anonymous,2021-02-02 02:03:02,anonymous,GT0002,CL0002,1,5,Total CO2 Emission in Metric tons
2021-02-02 02:03:02,anonymous,2021-02-02 02:03:02,anonymous,GT0002,CL0002,1,6,1/1/2022
2021-02-02 02:03:02,anonymous,2021-02-02 02:03:02,anonymous,GT0002,CL0002,1,7,1/1/2023
2021-02-02 02:03:02,anonymous,2021-02-02 02:03:02,anonymous,GT0002,CL0002,1,8,100 tons
2021-02-02 02:03:02,anonymous,2021-02-02 02:03:02,anonymous,GT0002,CL0002,1,9,10
2021-02-02 02:03:02,anonymous,2021-02-02 02:03:02,anonymous,GT0002,CL0002,1,10,milestone
2021-02-02 02:03:02,anonymous,2021-02-02 02:03:02,anonymous,GT0002,CL0002,1,11,Ongoing